"FullName","Length","LastWriteTime"
"C:\Users\Asus\Documents\FisicoFabi\tesis\ship_adaptive_muon_bg\config.yaml","439","05-06-2026 16:52:38"
"C:\Users\Asus\Documents\FisicoFabi\tesis\ship_adaptive_muon_bg\deepflow.py","5852","05-06-2026 16:52:38"
"C:\Users\Asus\Documents\FisicoFabi\tesis\ship_adaptive_muon_bg\README.md","6606","05-06-2026 16:52:38"
"C:\Users\Asus\Documents\FisicoFabi\tesis\ship_adaptive_muon_bg\docs\audits\git_branch.txt","5","05-06-2026 16:55:43"
"C:\Users\Asus\Documents\FisicoFabi\tesis\ship_adaptive_muon_bg\docs\audits\git_log_20.txt","125","05-06-2026 16:55:43"
"C:\Users\Asus\Documents\FisicoFabi\tesis\ship_adaptive_muon_bg\docs\audits\git_remotes.txt","141","05-06-2026 16:55:43"
"C:\Users\Asus\Documents\FisicoFabi\tesis\ship_adaptive_muon_bg\docs\audits\git_status_initial.txt","9","05-06-2026 16:55:42"
"C:\Users\Asus\Documents\FisicoFabi\tesis\ship_adaptive_muon_bg\docs\audits\repo_file_inventory_initial.csv","0","05-06-2026 16:55:45"
"C:\Users\Asus\Documents\FisicoFabi\tesis\ship_adaptive_muon_bg\docs\audits\repo_tree_initial.txt","526","05-06-2026 16:55:44"
"C:\Users\Asus\Documents\FisicoFabi\tesis\ship_adaptive_muon_bg\utils\config.py","291","05-06-2026 16:52:38"
"C:\Users\Asus\Documents\FisicoFabi\tesis\ship_adaptive_muon_bg\utils\data_handling.py","3579","05-06-2026 16:52:38"
"C:\Users\Asus\Documents\FisicoFabi\tesis\ship_adaptive_muon_bg\utils\flow_models.py","3760","05-06-2026 16:52:38"
"C:\Users\Asus\Documents\FisicoFabi\tesis\ship_adaptive_muon_bg\utils\logging_config.py","1166","05-06-2026 16:52:38"
"C:\Users\Asus\Documents\FisicoFabi\tesis\ship_adaptive_muon_bg\utils\plotting.py","7963","05-06-2026 16:52:38"
"C:\Users\Asus\Documents\FisicoFabi\tesis\ship_adaptive_muon_bg\utils\run_management.py","739","05-06-2026 16:52:38"
"C:\Users\Asus\Documents\FisicoFabi\tesis\ship_adaptive_muon_bg\utils\training.py","2596","05-06-2026 16:52:38"
